name,domain,industry,source
東京福祉サービス株式会社,t-fukushi.net,介護,websearch
株式会社横浜総合建設,ysk-a.com,建設,websearch
神谷建設株式会社,kamiya-kensetsu.co.jp,建設,websearch
静鉄建設株式会社,shizutetsu-con.jp,建設,websearch
株式会社建新,kensin-inc.com,建設,websearch
須山建設株式会社,suyama-group.co.jp,建設,websearch
田中工務店,tanaka-koumuten.co.jp,建設,websearch
株式会社佐伯工務店,saeki-corp.co.jp,建設,websearch
中川工務店,nakagawa-home.jp,建設,websearch
啓和運輸株式会社,keiwa-unyu.jp,物流,websearch
青翔運輸株式会社,seisho-group.jp,物流,websearch
大和輸送株式会社,daiwayuso.co.jp,物流,websearch
株式会社オリエント・サービス,orient-service.co.jp,物流,websearch
福岡運輸株式会社,fukuokaunyu.co.jp,物流,websearch
静岡福祉サービス株式会社,shizuoka-fukushi.jp,介護,websearch
